ServiceDate,VehicleId,VehicleType,VanCapacity,Boarding,empty_seats,TripDirection
12/19/19,127,"FORD F35O PASSENGER VANS",12,27,-15,OUT
12/17/19,127,"FORD F35O PASSENGER VANS",12,27,-15,OUT
12/16/19,127,"FORD F35O PASSENGER VANS",12,27,-15,OUT
12/13/19,127,"FORD F35O PASSENGER VANS",12,27,-15,OUT
12/12/19,127,"FORD F35O PASSENGER VANS",12,27,-15,OUT
12/11/19,127,"FORD F35O PASSENGER VANS",12,27,-15,OUT
12/10/19,127,"FORD F35O PASSENGER VANS",12,27,-15,OUT
12/9/19,127,"FORD F35O PASSENGER VANS",12,27,-15,OUT
12/4/19,127,"FORD F35O PASSENGER VANS",12,27,-15,OUT
12/2/19,127,"FORD F35O PASSENGER VANS",12,27,-15,OUT
12/18/19,127,"FORD F35O PASSENGER VANS",12,24,-12,OUT
12/3/19,127,"FORD F35O PASSENGER VANS",12,24,-12,OUT
1/31/20,96,"2015 CHEVROLET EXPRESS VAN",11,21,-10,OUT
1/30/20,96,"2015 CHEVROLET EXPRESS VAN",11,21,-10,OUT
1/29/20,96,"2015 CHEVROLET EXPRESS VAN",11,21,-10,OUT
1/28/20,96,"2015 CHEVROLET EXPRESS VAN",11,21,-10,OUT
1/27/20,96,"2015 CHEVROLET EXPRESS VAN",11,21,-10,OUT
1/24/20,96,"2015 CHEVROLET EXPRESS VAN",11,21,-10,OUT
1/23/20,96,"2015 CHEVROLET EXPRESS VAN",11,21,-10,OUT
1/22/20,96,"2015 CHEVROLET EXPRESS VAN",11,21,-10,OUT
1/21/20,96,"2015 CHEVROLET EXPRESS VAN",11,21,-10,OUT
1/17/20,96,"2015 CHEVROLET EXPRESS VAN",11,21,-10,OUT
1/16/20,96,"2015 CHEVROLET EXPRESS VAN",11,21,-10,OUT
1/15/20,96,"2015 CHEVROLET EXPRESS VAN",11,21,-10,OUT
1/14/20,96,"2015 CHEVROLET EXPRESS VAN",11,21,-10,OUT
1/13/20,96,"2015 CHEVROLET EXPRESS VAN",11,21,-10,OUT
1/10/20,96,"2015 CHEVROLET EXPRESS VAN",11,21,-10,OUT
1/9/20,96,"2015 CHEVROLET EXPRESS VAN",11,21,-10,OUT
1/8/20,96,"2015 CHEVROLET EXPRESS VAN",11,21,-10,OUT
1/7/20,96,"2015 CHEVROLET EXPRESS VAN",11,21,-10,OUT
1/6/20,96,"2015 CHEVROLET EXPRESS VAN",11,21,-10,OUT
1/3/20,96,"2015 CHEVROLET EXPRESS VAN",11,21,-10,OUT
1/2/20,96,"2015 CHEVROLET EXPRESS VAN",11,21,-10,OUT
12/31/19,96,"2015 CHEVROLET EXPRESS VAN",11,20,-9,OUT
12/30/19,96,"2015 CHEVROLET EXPRESS VAN",11,20,-9,OUT
12/27/19,96,"2015 CHEVROLET EXPRESS VAN",11,20,-9,OUT
12/26/19,96,"2015 CHEVROLET EXPRESS VAN",11,20,-9,OUT
12/24/19,96,"2015 CHEVROLET EXPRESS VAN",11,20,-9,OUT
12/23/19,96,"2015 CHEVROLET EXPRESS VAN",11,20,-9,OUT
12/20/19,96,"2015 CHEVROLET EXPRESS VAN",11,20,-9,OUT
12/19/19,96,"2015 CHEVROLET EXPRESS VAN",11,20,-9,OUT
12/18/19,96,"2015 CHEVROLET EXPRESS VAN",11,20,-9,OUT
12/17/19,96,"2015 CHEVROLET EXPRESS VAN",11,20,-9,OUT
12/16/19,96,"2015 CHEVROLET EXPRESS VAN",11,20,-9,OUT
12/13/19,96,"2015 CHEVROLET EXPRESS VAN",11,20,-9,OUT
12/12/19,96,"2015 CHEVROLET EXPRESS VAN",11,20,-9,OUT
12/11/19,96,"2015 CHEVROLET EXPRESS VAN",11,20,-9,OUT
12/10/19,96,"2015 CHEVROLET EXPRESS VAN",11,20,-9,OUT
12/9/19,96,"2015 CHEVROLET EXPRESS VAN",11,20,-9,OUT
12/6/19,96,"2015 CHEVROLET EXPRESS VAN",11,20,-9,OUT
12/5/19,96,"2015 CHEVROLET EXPRESS VAN",11,20,-9,OUT
12/4/19,96,"2015 CHEVROLET EXPRESS VAN",11,20,-9,OUT
12/3/19,96,"2015 CHEVROLET EXPRESS VAN",11,20,-9,OUT
12/2/19,96,"2015 CHEVROLET EXPRESS VAN",11,20,-9,OUT
12/17/19,145,"FORD E35O PASSENGER VANS",12,21,-9,OUT
12/16/19,145,"FORD E35O PASSENGER VANS",12,21,-9,OUT
12/15/19,145,"FORD E35O PASSENGER VANS",12,21,-9,OUT
12/14/19,145,"FORD E35O PASSENGER VANS",12,21,-9,OUT
12/13/19,145,"FORD E35O PASSENGER VANS",12,21,-9,OUT
12/12/19,145,"FORD E35O PASSENGER VANS",12,21,-9,OUT
12/11/19,145,"FORD E35O PASSENGER VANS",12,21,-9,OUT
12/10/19,145,"FORD E35O PASSENGER VANS",12,21,-9,OUT
12/9/19,145,"FORD E35O PASSENGER VANS",12,21,-9,OUT
12/8/19,145,"FORD E35O PASSENGER VANS",12,21,-9,OUT
12/7/19,145,"FORD E35O PASSENGER VANS",12,21,-9,OUT
12/6/19,145,"FORD E35O PASSENGER VANS",12,21,-9,OUT
12/18/19,145,"FORD E35O PASSENGER VANS",12,21,-9,OUT
12/19/19,145,"FORD E35O PASSENGER VANS",12,21,-9,OUT
12/20/19,145,"FORD E35O PASSENGER VANS",12,21,-9,OUT
12/21/19,145,"FORD E35O PASSENGER VANS",12,21,-9,OUT
12/22/19,145,"FORD E35O PASSENGER VANS",12,21,-9,OUT
12/23/19,145,"FORD E35O PASSENGER VANS",12,21,-9,OUT
12/24/19,145,"FORD E35O PASSENGER VANS",12,21,-9,OUT
12/26/19,145,"FORD E35O PASSENGER VANS",12,21,-9,OUT
12/27/19,145,"FORD E35O PASSENGER VANS",12,21,-9,OUT
12/28/19,145,"FORD E35O PASSENGER VANS",12,21,-9,OUT
12/29/19,145,"FORD E35O PASSENGER VANS",12,21,-9,OUT
12/30/19,145,"FORD E35O PASSENGER VANS",12,21,-9,OUT
12/31/19,145,"FORD E35O PASSENGER VANS",12,21,-9,OUT
1/3/20,145,"FORD E35O PASSENGER VANS",12,21,-9,OUT
1/4/20,145,"FORD E35O PASSENGER VANS",12,21,-9,OUT
1/5/20,145,"FORD E35O PASSENGER VANS",12,21,-9,OUT
1/6/20,145,"FORD E35O PASSENGER VANS",12,21,-9,OUT
1/7/20,145,"FORD E35O PASSENGER VANS",12,21,-9,OUT
1/8/20,145,"FORD E35O PASSENGER VANS",12,21,-9,OUT
1/9/20,145,"FORD E35O PASSENGER VANS",12,21,-9,OUT
1/10/20,145,"FORD E35O PASSENGER VANS",12,21,-9,OUT
1/11/20,145,"FORD E35O PASSENGER VANS",12,21,-9,OUT
1/12/20,145,"FORD E35O PASSENGER VANS",12,21,-9,OUT
1/13/20,145,"FORD E35O PASSENGER VANS",12,21,-9,OUT
1/26/20,131,"2019 CHEVROLET EXPRESS VAN",11,20,-9,OUT
1/25/20,131,"2019 CHEVROLET EXPRESS VAN",11,20,-9,OUT
1/23/20,131,"2019 CHEVROLET EXPRESS VAN",11,20,-9,OUT
1/22/20,131,"2019 CHEVROLET EXPRESS VAN",11,20,-9,OUT
1/21/20,131,"2019 CHEVROLET EXPRESS VAN",11,20,-9,OUT
1/16/20,131,"2019 CHEVROLET EXPRESS VAN",11,20,-9,OUT
1/15/20,131,"2019 CHEVROLET EXPRESS VAN",11,20,-9,OUT
1/14/20,131,"2019 CHEVROLET EXPRESS VAN",11,20,-9,OUT
1/12/20,131,"2019 CHEVROLET EXPRESS VAN",11,20,-9,OUT
1/10/20,131,"2019 CHEVROLET EXPRESS VAN",11,20,-9,OUT
1/9/20,131,"2019 CHEVROLET EXPRESS VAN",11,20,-9,OUT
1/24/20,131,"2019 CHEVROLET EXPRESS VAN",11,19,-8,OUT
1/19/20,131,"2019 CHEVROLET EXPRESS VAN",11,19,-8,OUT
1/18/20,131,"2019 CHEVROLET EXPRESS VAN",11,19,-8,OUT
1/17/20,131,"2019 CHEVROLET EXPRESS VAN",11,19,-8,OUT
1/8/20,131,"2019 CHEVROLET EXPRESS VAN",11,19,-8,OUT
1/6/20,131,"2019 CHEVROLET EXPRESS VAN",11,19,-8,OUT
1/5/20,131,"2019 CHEVROLET EXPRESS VAN",11,19,-8,OUT
1/4/20,131,"2019 CHEVROLET EXPRESS VAN",11,19,-8,OUT
1/31/20,120,"2019 CHEVROLET EXPRESS VAN",12,20,-8,OUT
1/25/20,120,"2019 CHEVROLET EXPRESS VAN",12,20,-8,OUT
1/23/20,120,"2019 CHEVROLET EXPRESS VAN",12,20,-8,OUT
1/22/20,120,"2019 CHEVROLET EXPRESS VAN",12,20,-8,OUT
1/20/20,120,"2019 CHEVROLET EXPRESS VAN",12,20,-8,OUT
1/13/20,120,"2019 CHEVROLET EXPRESS VAN",12,20,-8,OUT
1/12/20,120,"2019 CHEVROLET EXPRESS VAN",12,20,-8,OUT
1/11/20,120,"2019 CHEVROLET EXPRESS VAN",12,20,-8,OUT
1/10/20,120,"2019 CHEVROLET EXPRESS VAN",12,20,-8,OUT
1/9/20,120,"2019 CHEVROLET EXPRESS VAN",12,20,-8,OUT
1/8/20,120,"2019 CHEVROLET EXPRESS VAN",12,20,-8,OUT
1/7/20,120,"2019 CHEVROLET EXPRESS VAN",12,20,-8,OUT
1/6/20,120,"2019 CHEVROLET EXPRESS VAN",12,20,-8,OUT
1/30/20,131,"2019 CHEVROLET EXPRESS VAN",11,18,-7,OUT
1/13/20,131,"2019 CHEVROLET EXPRESS VAN",11,18,-7,OUT
1/11/20,131,"2019 CHEVROLET EXPRESS VAN",11,18,-7,OUT
1/21/20,120,"2019 CHEVROLET EXPRESS VAN",12,19,-7,OUT
1/30/20,272,"2019 Chevy Express 3500",0,7,-7,OUT
1/29/20,272,"2019 Chevy Express 3500",0,7,-7,OUT
1/28/20,272,"2019 Chevy Express 3500",0,7,-7,OUT
1/27/20,272,"2019 Chevy Express 3500",0,7,-7,OUT
1/26/20,272,"2019 Chevy Express 3500",0,7,-7,OUT
1/25/20,272,"2019 Chevy Express 3500",0,7,-7,OUT
1/23/20,272,"2019 Chevy Express 3500",0,7,-7,OUT
1/22/20,272,"2019 Chevy Express 3500",0,7,-7,OUT
1/21/20,272,"2019 Chevy Express 3500",0,7,-7,OUT
1/19/20,272,"2019 Chevy Express 3500",0,7,-7,OUT
1/18/20,272,"2019 Chevy Express 3500",0,7,-7,OUT
1/16/20,272,"2019 Chevy Express 3500",0,7,-7,OUT
1/15/20,272,"2019 Chevy Express 3500",0,7,-7,OUT
1/14/20,272,"2019 Chevy Express 3500",0,7,-7,OUT
1/13/20,272,"2019 Chevy Express 3500",0,7,-7,OUT
1/12/20,272,"2019 Chevy Express 3500",0,7,-7,OUT
1/11/20,272,"2019 Chevy Express 3500",0,7,-7,OUT
1/9/20,272,"2019 Chevy Express 3500",0,7,-7,OUT
1/8/20,272,"2019 Chevy Express 3500",0,7,-7,OUT
1/7/20,272,"2019 Chevy Express 3500",0,7,-7,OUT
1/6/20,272,"2019 Chevy Express 3500",0,7,-7,OUT
1/5/20,272,"2019 Chevy Express 3500",0,7,-7,OUT
1/4/20,272,"2019 Chevy Express 3500",0,7,-7,OUT
1/2/20,272,"2019 Chevy Express 3500",0,7,-7,OUT
12/31/19,272,"2019 Chevy Express 3500",0,7,-7,OUT
12/30/19,272,"2019 Chevy Express 3500",0,7,-7,OUT
12/29/19,272,"2019 Chevy Express 3500",0,7,-7,OUT
12/28/19,272,"2019 Chevy Express 3500",0,7,-7,OUT
12/26/19,272,"2019 Chevy Express 3500",0,7,-7,OUT
1/20/20,131,"2019 CHEVROLET EXPRESS VAN",11,17,-6,OUT
1/7/20,131,"2019 CHEVROLET EXPRESS VAN",11,17,-6,OUT
1/2/20,145,"FORD E35O PASSENGER VANS",12,17,-5,OUT
1/29/20,125,"2016 CHEVROLET EXPRESS VAN",15,20,-5,OUT
1/28/20,125,"2016 CHEVROLET EXPRESS VAN",15,20,-5,OUT
1/27/20,125,"2016 CHEVROLET EXPRESS VAN",15,20,-5,OUT
1/25/20,125,"2016 CHEVROLET EXPRESS VAN",15,20,-5,OUT
1/23/20,125,"2016 CHEVROLET EXPRESS VAN",15,20,-5,OUT
1/22/20,125,"2016 CHEVROLET EXPRESS VAN",15,20,-5,OUT
1/20/20,125,"2016 CHEVROLET EXPRESS VAN",15,20,-5,OUT
1/19/20,125,"2016 CHEVROLET EXPRESS VAN",15,20,-5,OUT
1/17/20,125,"2016 CHEVROLET EXPRESS VAN",15,20,-5,OUT
1/16/20,125,"2016 CHEVROLET EXPRESS VAN",15,20,-5,OUT
1/11/20,125,"2016 CHEVROLET EXPRESS VAN",15,20,-5,OUT
1/26/20,120,"2019 CHEVROLET EXPRESS VAN",12,17,-5,OUT
1/2/20,10,"2015 CHEVROLET EXPRESS VAN",12,17,-5,OUT
1/3/20,10,"2015 CHEVROLET EXPRESS VAN",12,17,-5,OUT
1/6/20,10,"2015 CHEVROLET EXPRESS VAN",12,17,-5,OUT
1/7/20,10,"2015 CHEVROLET EXPRESS VAN",12,17,-5,OUT
1/8/20,10,"2015 CHEVROLET EXPRESS VAN",12,17,-5,OUT
1/9/20,10,"2015 CHEVROLET EXPRESS VAN",12,17,-5,OUT
1/10/20,10,"2015 CHEVROLET EXPRESS VAN",12,17,-5,OUT
1/13/20,10,"2015 CHEVROLET EXPRESS VAN",12,17,-5,OUT
1/14/20,10,"2015 CHEVROLET EXPRESS VAN",12,17,-5,OUT
1/15/20,10,"2015 CHEVROLET EXPRESS VAN",12,17,-5,OUT
1/16/20,10,"2015 CHEVROLET EXPRESS VAN",12,17,-5,OUT
1/17/20,10,"2015 CHEVROLET EXPRESS VAN",12,17,-5,OUT
1/21/20,10,"2015 CHEVROLET EXPRESS VAN",12,17,-5,OUT
1/22/20,10,"2015 CHEVROLET EXPRESS VAN",12,17,-5,OUT
1/23/20,10,"2015 CHEVROLET EXPRESS VAN",12,17,-5,OUT
1/24/20,10,"2015 CHEVROLET EXPRESS VAN",12,17,-5,OUT
1/27/20,10,"2015 CHEVROLET EXPRESS VAN",12,17,-5,OUT
1/28/20,10,"2015 CHEVROLET EXPRESS VAN",12,17,-5,OUT
1/29/20,10,"2015 CHEVROLET EXPRESS VAN",12,17,-5,OUT
1/30/20,10,"2015 CHEVROLET EXPRESS VAN",12,17,-5,OUT
1/31/20,10,"2015 CHEVROLET EXPRESS VAN",12,17,-5,OUT
12/2/19,11,"FORD E35O PASSENGER VANS",12,17,-5,OUT
12/3/19,11,"FORD E35O PASSENGER VANS",12,17,-5,OUT
12/4/19,11,"FORD E35O PASSENGER VANS",12,17,-5,OUT
12/5/19,11,"FORD E35O PASSENGER VANS",12,17,-5,OUT
12/6/19,11,"FORD E35O PASSENGER VANS",12,17,-5,OUT
12/9/19,11,"FORD E35O PASSENGER VANS",12,17,-5,OUT
12/10/19,11,"FORD E35O PASSENGER VANS",12,17,-5,OUT
12/11/19,11,"FORD E35O PASSENGER VANS",12,17,-5,OUT
12/12/19,11,"FORD E35O PASSENGER VANS",12,17,-5,OUT
12/13/19,11,"FORD E35O PASSENGER VANS",12,17,-5,OUT
12/16/19,11,"FORD E35O PASSENGER VANS",12,17,-5,OUT
12/17/19,11,"FORD E35O PASSENGER VANS",12,17,-5,OUT
12/18/19,11,"FORD E35O PASSENGER VANS",12,17,-5,OUT
12/19/19,11,"FORD E35O PASSENGER VANS",12,17,-5,OUT
12/20/19,11,"FORD E35O PASSENGER VANS",12,17,-5,OUT
12/23/19,11,"FORD E35O PASSENGER VANS",12,17,-5,OUT
12/24/19,11,"FORD E35O PASSENGER VANS",12,17,-5,OUT
12/26/19,11,"FORD E35O PASSENGER VANS",12,17,-5,OUT
12/27/19,11,"FORD E35O PASSENGER VANS",12,17,-5,OUT
12/30/19,11,"FORD E35O PASSENGER VANS",12,17,-5,OUT
12/31/19,11,"FORD E35O PASSENGER VANS",12,17,-5,OUT
1/2/20,11,"FORD E35O PASSENGER VANS",12,17,-5,OUT
1/3/20,11,"FORD E35O PASSENGER VANS",12,17,-5,OUT
1/6/20,11,"FORD E35O PASSENGER VANS",12,17,-5,OUT
1/7/20,11,"FORD E35O PASSENGER VANS",12,17,-5,OUT
1/8/20,11,"FORD E35O PASSENGER VANS",12,17,-5,OUT
1/9/20,11,"FORD E35O PASSENGER VANS",12,17,-5,OUT
1/10/20,11,"FORD E35O PASSENGER VANS",12,17,-5,OUT
1/13/20,11,"FORD E35O PASSENGER VANS",12,17,-5,OUT
1/14/20,11,"FORD E35O PASSENGER VANS",12,17,-5,OUT
1/15/20,11,"FORD E35O PASSENGER VANS",12,17,-5,OUT
1/16/20,11,"FORD E35O PASSENGER VANS",12,17,-5,OUT
1/17/20,11,"FORD E35O PASSENGER VANS",12,17,-5,OUT
1/21/20,11,"FORD E35O PASSENGER VANS",12,17,-5,OUT
1/22/20,11,"FORD E35O PASSENGER VANS",12,17,-5,OUT
1/23/20,11,"FORD E35O PASSENGER VANS",12,17,-5,OUT
1/24/20,11,"FORD E35O PASSENGER VANS",12,17,-5,OUT
1/27/20,11,"FORD E35O PASSENGER VANS",12,17,-5,OUT
1/28/20,11,"FORD E35O PASSENGER VANS",12,17,-5,OUT
1/29/20,11,"FORD E35O PASSENGER VANS",12,17,-5,OUT
1/30/20,11,"FORD E35O PASSENGER VANS",12,17,-5,OUT
1/31/20,11,"FORD E35O PASSENGER VANS",12,17,-5,OUT
12/31/19,204,"2013 CHEV EXP VAN",11,16,-5,OUT
12/30/19,204,"2013 CHEV EXP VAN",11,16,-5,OUT
12/29/19,204,"2013 CHEV EXP VAN",11,16,-5,OUT
12/28/19,204,"2013 CHEV EXP VAN",11,16,-5,OUT
12/27/19,204,"2013 CHEV EXP VAN",11,16,-5,OUT
12/26/19,204,"2013 CHEV EXP VAN",11,16,-5,OUT
12/24/19,204,"2013 CHEV EXP VAN",11,15,-4,OUT
12/23/19,204,"2013 CHEV EXP VAN",11,15,-4,OUT
12/22/19,204,"2013 CHEV EXP VAN",11,15,-4,OUT
12/21/19,204,"2013 CHEV EXP VAN",11,15,-4,OUT
12/20/19,204,"2013 CHEV EXP VAN",11,15,-4,OUT
12/19/19,204,"2013 CHEV EXP VAN",11,15,-4,OUT
12/18/19,204,"2013 CHEV EXP VAN",11,15,-4,OUT
12/17/19,204,"2013 CHEV EXP VAN",11,15,-4,OUT
12/16/19,204,"2013 CHEV EXP VAN",11,15,-4,OUT
12/15/19,204,"2013 CHEV EXP VAN",11,15,-4,OUT
12/14/19,204,"2013 CHEV EXP VAN",11,15,-4,OUT
12/13/19,204,"2013 CHEV EXP VAN",11,15,-4,OUT
12/12/19,204,"2013 CHEV EXP VAN",11,15,-4,OUT
12/11/19,204,"2013 CHEV EXP VAN",11,15,-4,OUT
12/10/19,204,"2013 CHEV EXP VAN",11,15,-4,OUT
12/9/19,204,"2013 CHEV EXP VAN",11,15,-4,OUT
12/8/19,204,"2013 CHEV EXP VAN",11,15,-4,OUT
12/7/19,204,"2013 CHEV EXP VAN",11,15,-4,OUT
12/6/19,204,"2013 CHEV EXP VAN",11,15,-4,OUT
1/31/20,131,"2019 CHEVROLET EXPRESS VAN",11,15,-4,OUT
12/26/19,131,"2019 CHEVROLET EXPRESS VAN",11,15,-4,OUT
12/24/19,131,"2019 CHEVROLET EXPRESS VAN",11,15,-4,OUT
12/23/19,131,"2019 CHEVROLET EXPRESS VAN",11,15,-4,OUT
12/22/19,131,"2019 CHEVROLET EXPRESS VAN",11,15,-4,OUT
12/21/19,131,"2019 CHEVROLET EXPRESS VAN",11,15,-4,OUT
12/20/19,131,"2019 CHEVROLET EXPRESS VAN",11,15,-4,OUT
12/19/19,131,"2019 CHEVROLET EXPRESS VAN",11,15,-4,OUT
12/18/19,131,"2019 CHEVROLET EXPRESS VAN",11,15,-4,OUT
12/17/19,131,"2019 CHEVROLET EXPRESS VAN",11,15,-4,OUT
12/16/19,131,"2019 CHEVROLET EXPRESS VAN",11,15,-4,OUT
12/15/19,131,"2019 CHEVROLET EXPRESS VAN",11,15,-4,OUT
12/14/19,131,"2019 CHEVROLET EXPRESS VAN",11,15,-4,OUT
12/13/19,131,"2019 CHEVROLET EXPRESS VAN",11,15,-4,OUT
12/12/19,131,"2019 CHEVROLET EXPRESS VAN",11,15,-4,OUT
12/11/19,131,"2019 CHEVROLET EXPRESS VAN",11,15,-4,OUT
12/10/19,131,"2019 CHEVROLET EXPRESS VAN",11,15,-4,OUT
12/9/19,131,"2019 CHEVROLET EXPRESS VAN",11,15,-4,OUT
12/8/19,131,"2019 CHEVROLET EXPRESS VAN",11,15,-4,OUT
12/7/19,131,"2019 CHEVROLET EXPRESS VAN",11,15,-4,OUT
12/6/19,131,"2019 CHEVROLET EXPRESS VAN",11,15,-4,OUT
12/5/19,131,"2019 CHEVROLET EXPRESS VAN",11,15,-4,OUT
12/4/19,131,"2019 CHEVROLET EXPRESS VAN",11,15,-4,OUT
12/3/19,131,"2019 CHEVROLET EXPRESS VAN",11,15,-4,OUT
12/2/19,131,"2019 CHEVROLET EXPRESS VAN",11,15,-4,OUT
12/1/19,131,"2019 CHEVROLET EXPRESS VAN",11,15,-4,OUT
1/24/20,125,"2016 CHEVROLET EXPRESS VAN",15,19,-4,OUT
1/13/20,125,"2016 CHEVROLET EXPRESS VAN",15,19,-4,OUT
1/12/20,125,"2016 CHEVROLET EXPRESS VAN",15,19,-4,OUT
1/9/20,125,"2016 CHEVROLET EXPRESS VAN",15,19,-4,OUT
1/8/20,125,"2016 CHEVROLET EXPRESS VAN",15,19,-4,OUT
1/7/20,125,"2016 CHEVROLET EXPRESS VAN",15,19,-4,OUT
1/6/20,125,"2016 CHEVROLET EXPRESS VAN",15,19,-4,OUT
1/27/20,120,"2019 CHEVROLET EXPRESS VAN",12,16,-4,OUT
1/14/20,120,"2019 CHEVROLET EXPRESS VAN",12,16,-4,OUT
12/9/19,161,"FORD E35O PASSENGER VANS",12,16,-4,OUT
12/10/19,161,"FORD E35O PASSENGER VANS",12,16,-4,OUT
12/11/19,161,"FORD E35O PASSENGER VANS",12,16,-4,OUT
12/12/19,161,"FORD E35O PASSENGER VANS",12,16,-4,OUT
12/13/19,161,"FORD E35O PASSENGER VANS",12,16,-4,OUT
12/16/19,161,"FORD E35O PASSENGER VANS",12,16,-4,OUT
12/17/19,161,"FORD E35O PASSENGER VANS",12,16,-4,OUT
12/18/19,161,"FORD E35O PASSENGER VANS",12,16,-4,OUT
12/19/19,161,"FORD E35O PASSENGER VANS",12,16,-4,OUT
12/20/19,161,"FORD E35O PASSENGER VANS",12,16,-4,OUT
12/23/19,161,"FORD E35O PASSENGER VANS",12,16,-4,OUT
12/24/19,161,"FORD E35O PASSENGER VANS",12,16,-4,OUT
12/26/19,161,"FORD E35O PASSENGER VANS",12,16,-4,OUT
12/27/19,161,"FORD E35O PASSENGER VANS",12,16,-4,OUT
12/30/19,161,"FORD E35O PASSENGER VANS",12,16,-4,OUT
12/31/19,161,"FORD E35O PASSENGER VANS",12,16,-4,OUT
12/2/19,1,"CHEV EXPRESS VAN",14,18,-4,OUT
12/3/19,1,"CHEV EXPRESS VAN",14,18,-4,OUT
12/4/19,1,"CHEV EXPRESS VAN",14,18,-4,OUT
12/5/19,1,"CHEV EXPRESS VAN",14,18,-4,OUT
12/6/19,1,"CHEV EXPRESS VAN",14,18,-4,OUT
12/9/19,1,"CHEV EXPRESS VAN",14,18,-4,OUT
12/10/19,1,"CHEV EXPRESS VAN",14,18,-4,OUT
12/11/19,1,"CHEV EXPRESS VAN",14,18,-4,OUT
12/12/19,1,"CHEV EXPRESS VAN",14,18,-4,OUT
12/13/19,1,"CHEV EXPRESS VAN",14,18,-4,OUT
12/16/19,1,"CHEV EXPRESS VAN",14,18,-4,OUT
12/17/19,1,"CHEV EXPRESS VAN",14,18,-4,OUT
12/18/19,1,"CHEV EXPRESS VAN",14,18,-4,OUT
12/19/19,1,"CHEV EXPRESS VAN",14,18,-4,OUT
12/20/19,1,"CHEV EXPRESS VAN",14,18,-4,OUT
12/23/19,1,"CHEV EXPRESS VAN",14,18,-4,OUT
12/24/19,1,"CHEV EXPRESS VAN",14,18,-4,OUT
12/26/19,1,"CHEV EXPRESS VAN",14,18,-4,OUT
12/27/19,1,"CHEV EXPRESS VAN",14,18,-4,OUT
12/30/19,1,"CHEV EXPRESS VAN",14,18,-4,OUT
12/31/19,1,"CHEV EXPRESS VAN",14,18,-4,OUT
1/2/20,1,"CHEV EXPRESS VAN",14,18,-4,OUT
1/3/20,1,"CHEV EXPRESS VAN",14,18,-4,OUT
1/6/20,1,"CHEV EXPRESS VAN",14,18,-4,OUT
1/7/20,1,"CHEV EXPRESS VAN",14,18,-4,OUT
1/8/20,1,"CHEV EXPRESS VAN",14,18,-4,OUT
1/9/20,1,"CHEV EXPRESS VAN",14,18,-4,OUT
1/10/20,1,"CHEV EXPRESS VAN",14,18,-4,OUT
1/13/20,1,"CHEV EXPRESS VAN",14,18,-4,OUT
1/14/20,1,"CHEV EXPRESS VAN",14,18,-4,OUT
1/15/20,1,"CHEV EXPRESS VAN",14,18,-4,OUT
1/16/20,1,"CHEV EXPRESS VAN",14,18,-4,OUT
1/17/20,1,"CHEV EXPRESS VAN",14,18,-4,OUT
1/21/20,1,"CHEV EXPRESS VAN",14,18,-4,OUT
1/22/20,1,"CHEV EXPRESS VAN",14,18,-4,OUT
1/23/20,1,"CHEV EXPRESS VAN",14,18,-4,OUT
1/24/20,1,"CHEV EXPRESS VAN",14,18,-4,OUT
1/27/20,1,"CHEV EXPRESS VAN",14,18,-4,OUT
1/28/20,1,"CHEV EXPRESS VAN",14,18,-4,OUT
1/29/20,1,"CHEV EXPRESS VAN",14,18,-4,OUT
1/30/20,1,"CHEV EXPRESS VAN",14,18,-4,OUT
1/31/20,1,"CHEV EXPRESS VAN",14,18,-4,OUT
12/2/19,2,"CHEV 15 PASSENGER VAN",15,18,-3,OUT
12/3/19,2,"CHEV 15 PASSENGER VAN",15,18,-3,OUT
12/4/19,2,"CHEV 15 PASSENGER VAN",15,18,-3,OUT
12/5/19,2,"CHEV 15 PASSENGER VAN",15,18,-3,OUT
12/6/19,2,"CHEV 15 PASSENGER VAN",15,18,-3,OUT
12/9/19,2,"CHEV 15 PASSENGER VAN",15,18,-3,OUT
12/10/19,2,"CHEV 15 PASSENGER VAN",15,18,-3,OUT
12/11/19,2,"CHEV 15 PASSENGER VAN",15,18,-3,OUT
12/12/19,2,"CHEV 15 PASSENGER VAN",15,18,-3,OUT
12/13/19,2,"CHEV 15 PASSENGER VAN",15,18,-3,OUT
12/16/19,2,"CHEV 15 PASSENGER VAN",15,18,-3,OUT
12/17/19,2,"CHEV 15 PASSENGER VAN",15,18,-3,OUT
12/18/19,2,"CHEV 15 PASSENGER VAN",15,18,-3,OUT
12/19/19,2,"CHEV 15 PASSENGER VAN",15,18,-3,OUT
12/20/19,2,"CHEV 15 PASSENGER VAN",15,18,-3,OUT
12/23/19,2,"CHEV 15 PASSENGER VAN",15,18,-3,OUT
12/24/19,2,"CHEV 15 PASSENGER VAN",15,18,-3,OUT
12/26/19,2,"CHEV 15 PASSENGER VAN",15,18,-3,OUT
12/27/19,2,"CHEV 15 PASSENGER VAN",15,18,-3,OUT
12/30/19,2,"CHEV 15 PASSENGER VAN",15,18,-3,OUT
12/31/19,2,"CHEV 15 PASSENGER VAN",15,18,-3,OUT
1/2/20,2,"CHEV 15 PASSENGER VAN",15,18,-3,OUT
1/3/20,2,"CHEV 15 PASSENGER VAN",15,18,-3,OUT
1/6/20,2,"CHEV 15 PASSENGER VAN",15,18,-3,OUT
1/7/20,2,"CHEV 15 PASSENGER VAN",15,18,-3,OUT
1/8/20,2,"CHEV 15 PASSENGER VAN",15,18,-3,OUT
1/9/20,2,"CHEV 15 PASSENGER VAN",15,18,-3,OUT
1/10/20,2,"CHEV 15 PASSENGER VAN",15,18,-3,OUT
1/13/20,2,"CHEV 15 PASSENGER VAN",15,18,-3,OUT
1/14/20,2,"CHEV 15 PASSENGER VAN",15,18,-3,OUT
1/15/20,2,"CHEV 15 PASSENGER VAN",15,18,-3,OUT
1/16/20,2,"CHEV 15 PASSENGER VAN",15,18,-3,OUT
1/17/20,2,"CHEV 15 PASSENGER VAN",15,18,-3,OUT
1/21/20,2,"CHEV 15 PASSENGER VAN",15,18,-3,OUT
1/22/20,2,"CHEV 15 PASSENGER VAN",15,18,-3,OUT
1/23/20,2,"CHEV 15 PASSENGER VAN",15,18,-3,OUT
1/24/20,2,"CHEV 15 PASSENGER VAN",15,18,-3,OUT
1/27/20,2,"CHEV 15 PASSENGER VAN",15,18,-3,OUT
1/28/20,2,"CHEV 15 PASSENGER VAN",15,18,-3,OUT
1/29/20,2,"CHEV 15 PASSENGER VAN",15,18,-3,OUT
1/30/20,2,"CHEV 15 PASSENGER VAN",15,18,-3,OUT
1/31/20,2,"CHEV 15 PASSENGER VAN",15,18,-3,OUT
1/31/20,82,"2016 CHEVROLET EXPRESS VAN",15,18,-3,OUT
1/30/20,82,"2016 CHEVROLET EXPRESS VAN",15,18,-3,OUT
1/29/20,82,"2016 CHEVROLET EXPRESS VAN",15,18,-3,OUT
1/28/20,82,"2016 CHEVROLET EXPRESS VAN",15,18,-3,OUT
1/27/20,82,"2016 CHEVROLET EXPRESS VAN",15,18,-3,OUT
1/24/20,82,"2016 CHEVROLET EXPRESS VAN",15,18,-3,OUT
1/23/20,82,"2016 CHEVROLET EXPRESS VAN",15,18,-3,OUT
1/22/20,82,"2016 CHEVROLET EXPRESS VAN",15,18,-3,OUT
1/21/20,82,"2016 CHEVROLET EXPRESS VAN",15,18,-3,OUT
1/17/20,82,"2016 CHEVROLET EXPRESS VAN",15,18,-3,OUT
1/16/20,82,"2016 CHEVROLET EXPRESS VAN",15,18,-3,OUT
1/15/20,82,"2016 CHEVROLET EXPRESS VAN",15,18,-3,OUT
1/14/20,82,"2016 CHEVROLET EXPRESS VAN",15,18,-3,OUT
1/13/20,82,"2016 CHEVROLET EXPRESS VAN",15,18,-3,OUT
1/10/20,82,"2016 CHEVROLET EXPRESS VAN",15,18,-3,OUT
1/9/20,82,"2016 CHEVROLET EXPRESS VAN",15,18,-3,OUT
1/8/20,82,"2016 CHEVROLET EXPRESS VAN",15,18,-3,OUT
1/7/20,82,"2016 CHEVROLET EXPRESS VAN",15,18,-3,OUT
1/6/20,82,"2016 CHEVROLET EXPRESS VAN",15,18,-3,OUT
1/3/20,82,"2016 CHEVROLET EXPRESS VAN",15,18,-3,OUT
1/2/20,82,"2016 CHEVROLET EXPRESS VAN",15,18,-3,OUT
12/31/19,82,"2016 CHEVROLET EXPRESS VAN",15,18,-3,OUT
12/30/19,82,"2016 CHEVROLET EXPRESS VAN",15,18,-3,OUT
12/27/19,82,"2016 CHEVROLET EXPRESS VAN",15,18,-3,OUT
12/26/19,82,"2016 CHEVROLET EXPRESS VAN",15,18,-3,OUT
12/24/19,82,"2016 CHEVROLET EXPRESS VAN",15,18,-3,OUT
12/23/19,82,"2016 CHEVROLET EXPRESS VAN",15,18,-3,OUT
12/20/19,82,"2016 CHEVROLET EXPRESS VAN",15,18,-3,OUT
12/19/19,82,"2016 CHEVROLET EXPRESS VAN",15,18,-3,OUT
12/18/19,82,"2016 CHEVROLET EXPRESS VAN",15,18,-3,OUT
12/17/19,82,"2016 CHEVROLET EXPRESS VAN",15,18,-3,OUT
12/16/19,82,"2016 CHEVROLET EXPRESS VAN",15,18,-3,OUT
12/13/19,82,"2016 CHEVROLET EXPRESS VAN",15,18,-3,OUT
12/12/19,82,"2016 CHEVROLET EXPRESS VAN",15,18,-3,OUT
12/11/19,82,"2016 CHEVROLET EXPRESS VAN",15,18,-3,OUT
12/10/19,82,"2016 CHEVROLET EXPRESS VAN",15,18,-3,OUT
12/9/19,82,"2016 CHEVROLET EXPRESS VAN",15,18,-3,OUT
12/6/19,82,"2016 CHEVROLET EXPRESS VAN",15,18,-3,OUT
12/5/19,82,"2016 CHEVROLET EXPRESS VAN",15,18,-3,OUT
12/4/19,82,"2016 CHEVROLET EXPRESS VAN",15,18,-3,OUT
12/3/19,82,"2016 CHEVROLET EXPRESS VAN",15,18,-3,OUT
12/2/19,82,"2016 CHEVROLET EXPRESS VAN",15,18,-3,OUT
12/31/19,131,"2019 CHEVROLET EXPRESS VAN",11,14,-3,OUT
12/30/19,131,"2019 CHEVROLET EXPRESS VAN",11,14,-3,OUT
12/29/19,131,"2019 CHEVROLET EXPRESS VAN",11,14,-3,OUT
12/28/19,131,"2019 CHEVROLET EXPRESS VAN",11,14,-3,OUT
12/27/19,131,"2019 CHEVROLET EXPRESS VAN",11,14,-3,OUT
12/25/19,131,"2019 CHEVROLET EXPRESS VAN",11,14,-3,OUT
1/30/20,125,"2016 CHEVROLET EXPRESS VAN",15,18,-3,OUT
1/21/20,125,"2016 CHEVROLET EXPRESS VAN",15,18,-3,OUT
1/18/20,125,"2016 CHEVROLET EXPRESS VAN",15,18,-3,OUT
1/15/20,125,"2016 CHEVROLET EXPRESS VAN",15,18,-3,OUT
1/14/20,125,"2016 CHEVROLET EXPRESS VAN",15,18,-3,OUT
1/10/20,125,"2016 CHEVROLET EXPRESS VAN",15,18,-3,OUT
1/30/20,120,"2019 CHEVROLET EXPRESS VAN",12,15,-3,OUT
1/28/20,120,"2019 CHEVROLET EXPRESS VAN",12,15,-3,OUT
1/24/20,120,"2019 CHEVROLET EXPRESS VAN",12,15,-3,OUT
1/15/20,120,"2019 CHEVROLET EXPRESS VAN",12,15,-3,OUT
1/13/20,146,"FORD E350 VAN",12,14,-2,OUT
1/29/20,120,"2019 CHEVROLET EXPRESS VAN",12,14,-2,OUT
12/23/19,120,"2019 CHEVROLET EXPRESS VAN",12,14,-2,OUT
12/22/19,120,"2019 CHEVROLET EXPRESS VAN",12,14,-2,OUT
12/21/19,120,"2019 CHEVROLET EXPRESS VAN",12,14,-2,OUT
12/20/19,120,"2019 CHEVROLET EXPRESS VAN",12,14,-2,OUT
12/19/19,120,"2019 CHEVROLET EXPRESS VAN",12,14,-2,OUT
12/18/19,120,"2019 CHEVROLET EXPRESS VAN",12,14,-2,OUT
12/17/19,120,"2019 CHEVROLET EXPRESS VAN",12,14,-2,OUT
12/16/19,120,"2019 CHEVROLET EXPRESS VAN",12,14,-2,OUT
12/15/19,120,"2019 CHEVROLET EXPRESS VAN",12,14,-2,OUT
12/14/19,120,"2019 CHEVROLET EXPRESS VAN",12,14,-2,OUT
12/13/19,120,"2019 CHEVROLET EXPRESS VAN",12,14,-2,OUT
12/12/19,120,"2019 CHEVROLET EXPRESS VAN",12,14,-2,OUT
12/11/19,120,"2019 CHEVROLET EXPRESS VAN",12,14,-2,OUT
12/10/19,120,"2019 CHEVROLET EXPRESS VAN",12,14,-2,OUT
12/9/19,120,"2019 CHEVROLET EXPRESS VAN",12,14,-2,OUT
12/8/19,120,"2019 CHEVROLET EXPRESS VAN",12,14,-2,OUT
12/7/19,120,"2019 CHEVROLET EXPRESS VAN",12,14,-2,OUT
12/6/19,120,"2019 CHEVROLET EXPRESS VAN",12,14,-2,OUT
12/5/19,120,"2019 CHEVROLET EXPRESS VAN",12,14,-2,OUT
12/4/19,120,"2019 CHEVROLET EXPRESS VAN",12,14,-2,OUT
12/3/19,120,"2019 CHEVROLET EXPRESS VAN",12,14,-2,OUT
12/2/19,120,"2019 CHEVROLET EXPRESS VAN",12,14,-2,OUT
12/1/19,120,"2019 CHEVROLET EXPRESS VAN",12,14,-2,OUT
12/2/19,161,"FORD E35O PASSENGER VANS",12,14,-2,OUT
12/3/19,161,"FORD E35O PASSENGER VANS",12,14,-2,OUT
12/4/19,161,"FORD E35O PASSENGER VANS",12,14,-2,OUT
12/5/19,161,"FORD E35O PASSENGER VANS",12,14,-2,OUT
12/6/19,161,"FORD E35O PASSENGER VANS",12,14,-2,OUT
1/31/20,15,"CHEVROLET EXPRESS VAN",15,17,-2,OUT
1/30/20,15,"CHEVROLET EXPRESS VAN",15,17,-2,OUT
1/29/20,15,"CHEVROLET EXPRESS VAN",15,17,-2,OUT
1/28/20,15,"CHEVROLET EXPRESS VAN",15,17,-2,OUT
1/27/20,15,"CHEVROLET EXPRESS VAN",15,17,-2,OUT
1/24/20,15,"CHEVROLET EXPRESS VAN",15,17,-2,OUT
1/23/20,15,"CHEVROLET EXPRESS VAN",15,17,-2,OUT
1/22/20,15,"CHEVROLET EXPRESS VAN",15,17,-2,OUT
12/2/19,10,"CHEV 15 PASSENGER VAN",15,17,-2,OUT
12/3/19,10,"CHEV 15 PASSENGER VAN",15,17,-2,OUT
12/4/19,10,"CHEV 15 PASSENGER VAN",15,17,-2,OUT
12/5/19,10,"CHEV 15 PASSENGER VAN",15,17,-2,OUT
12/6/19,10,"CHEV 15 PASSENGER VAN",15,17,-2,OUT
12/9/19,10,"CHEV 15 PASSENGER VAN",15,17,-2,OUT
12/10/19,10,"CHEV 15 PASSENGER VAN",15,17,-2,OUT
12/11/19,10,"CHEV 15 PASSENGER VAN",15,17,-2,OUT
12/12/19,10,"CHEV 15 PASSENGER VAN",15,17,-2,OUT
12/13/19,10,"CHEV 15 PASSENGER VAN",15,17,-2,OUT
12/16/19,10,"CHEV 15 PASSENGER VAN",15,17,-2,OUT
12/17/19,10,"CHEV 15 PASSENGER VAN",15,17,-2,OUT
12/18/19,10,"CHEV 15 PASSENGER VAN",15,17,-2,OUT
12/19/19,10,"CHEV 15 PASSENGER VAN",15,17,-2,OUT
12/20/19,10,"CHEV 15 PASSENGER VAN",15,17,-2,OUT
12/23/19,10,"CHEV 15 PASSENGER VAN",15,17,-2,OUT
12/24/19,10,"CHEV 15 PASSENGER VAN",15,17,-2,OUT
12/26/19,10,"CHEV 15 PASSENGER VAN",15,17,-2,OUT
12/27/19,10,"CHEV 15 PASSENGER VAN",15,17,-2,OUT
12/30/19,10,"CHEV 15 PASSENGER VAN",15,17,-2,OUT
12/31/19,10,"CHEV 15 PASSENGER VAN",15,17,-2,OUT
1/21/20,15,"CHEVROLET EXPRESS VAN",15,17,-2,OUT
1/17/20,15,"CHEVROLET EXPRESS VAN",15,17,-2,OUT
1/16/20,15,"CHEVROLET EXPRESS VAN",15,17,-2,OUT
1/15/20,15,"CHEVROLET EXPRESS VAN",15,17,-2,OUT
1/14/20,15,"CHEVROLET EXPRESS VAN",15,17,-2,OUT
1/13/20,15,"CHEVROLET EXPRESS VAN",15,17,-2,OUT
1/10/20,15,"CHEVROLET EXPRESS VAN",15,17,-2,OUT
1/9/20,15,"CHEVROLET EXPRESS VAN",15,17,-2,OUT
1/8/20,15,"CHEVROLET EXPRESS VAN",15,17,-2,OUT
1/7/20,15,"CHEVROLET EXPRESS VAN",15,17,-2,OUT
1/6/20,15,"CHEVROLET EXPRESS VAN",15,17,-2,OUT
1/3/20,15,"CHEVROLET EXPRESS VAN",15,17,-2,OUT
1/2/20,15,"CHEVROLET EXPRESS VAN",15,17,-2,OUT
12/31/19,15,"CHEVROLET EXPRESS VAN",15,17,-2,OUT
12/30/19,15,"CHEVROLET EXPRESS VAN",15,17,-2,OUT
12/27/19,15,"CHEVROLET EXPRESS VAN",15,17,-2,OUT
12/26/19,15,"CHEVROLET EXPRESS VAN",15,17,-2,OUT
12/24/19,15,"CHEVROLET EXPRESS VAN",15,17,-2,OUT
12/23/19,15,"CHEVROLET EXPRESS VAN",15,17,-2,OUT
12/20/19,15,"CHEVROLET EXPRESS VAN",15,17,-2,OUT
12/19/19,15,"CHEVROLET EXPRESS VAN",15,17,-2,OUT
12/18/19,15,"CHEVROLET EXPRESS VAN",15,17,-2,OUT
12/17/19,15,"CHEVROLET EXPRESS VAN",15,17,-2,OUT
12/16/19,15,"CHEVROLET EXPRESS VAN",15,17,-2,OUT
12/13/19,15,"CHEVROLET EXPRESS VAN",15,17,-2,OUT
12/12/19,15,"CHEVROLET EXPRESS VAN",15,17,-2,OUT
12/11/19,15,"CHEVROLET EXPRESS VAN",15,17,-2,OUT
12/10/19,15,"CHEVROLET EXPRESS VAN",15,17,-2,OUT
12/9/19,15,"CHEVROLET EXPRESS VAN",15,17,-2,OUT
12/6/19,15,"CHEVROLET EXPRESS VAN",15,17,-2,OUT
12/5/19,15,"CHEVROLET EXPRESS VAN",15,17,-2,OUT
12/4/19,15,"CHEVROLET EXPRESS VAN",15,17,-2,OUT
12/3/19,15,"CHEVROLET EXPRESS VAN",15,17,-2,OUT
12/2/19,15,"CHEVROLET EXPRESS VAN",15,17,-2,OUT
1/31/20,208,"FORD ECON E350 VAN",11,12,-1,OUT
1/30/20,208,"FORD ECON E350 VAN",11,12,-1,OUT
1/29/20,208,"FORD ECON E350 VAN",11,12,-1,OUT
1/28/20,208,"FORD ECON E350 VAN",11,12,-1,OUT
1/27/20,208,"FORD ECON E350 VAN",11,12,-1,OUT
1/26/20,208,"FORD ECON E350 VAN",11,12,-1,OUT
1/25/20,208,"FORD ECON E350 VAN",11,12,-1,OUT
1/24/20,208,"FORD ECON E350 VAN",11,12,-1,OUT
1/23/20,208,"FORD ECON E350 VAN",11,12,-1,OUT
1/22/20,208,"FORD ECON E350 VAN",11,12,-1,OUT
1/21/20,208,"FORD ECON E350 VAN",11,12,-1,OUT
1/19/20,208,"FORD ECON E350 VAN",11,12,-1,OUT
1/18/20,208,"FORD ECON E350 VAN",11,12,-1,OUT
1/17/20,208,"FORD ECON E350 VAN",11,12,-1,OUT
1/16/20,208,"FORD ECON E350 VAN",11,12,-1,OUT
1/15/20,208,"FORD ECON E350 VAN",11,12,-1,OUT
1/14/20,208,"FORD ECON E350 VAN",11,12,-1,OUT
1/13/20,208,"FORD ECON E350 VAN",11,12,-1,OUT
1/12/20,208,"FORD ECON E350 VAN",11,12,-1,OUT
1/11/20,208,"FORD ECON E350 VAN",11,12,-1,OUT
1/10/20,208,"FORD ECON E350 VAN",11,12,-1,OUT
1/9/20,208,"FORD ECON E350 VAN",11,12,-1,OUT
1/8/20,208,"FORD ECON E350 VAN",11,12,-1,OUT
1/7/20,208,"FORD ECON E350 VAN",11,12,-1,OUT
1/6/20,208,"FORD ECON E350 VAN",11,12,-1,OUT
1/5/20,208,"FORD ECON E350 VAN",11,12,-1,OUT
1/4/20,208,"FORD ECON E350 VAN",11,12,-1,OUT
1/3/20,208,"FORD ECON E350 VAN",11,12,-1,OUT
1/2/20,208,"FORD ECON E350 VAN",11,12,-1,OUT
12/12/19,241,"2015 CHEVROLET EXPRESS VAN",15,16,-1,OUT
1/31/20,268,"2016 CHEVROLET EXPRESS VAN",15,16,-1,OUT
1/30/20,268,"2016 CHEVROLET EXPRESS VAN",15,16,-1,OUT
1/29/20,268,"2016 CHEVROLET EXPRESS VAN",15,16,-1,OUT
1/25/20,268,"2016 CHEVROLET EXPRESS VAN",15,16,-1,OUT
1/23/20,268,"2016 CHEVROLET EXPRESS VAN",15,16,-1,OUT
1/22/20,268,"2016 CHEVROLET EXPRESS VAN",15,16,-1,OUT
1/21/20,268,"2016 CHEVROLET EXPRESS VAN",15,16,-1,OUT
1/20/20,268,"2016 CHEVROLET EXPRESS VAN",15,16,-1,OUT
1/14/20,145,"FORD E35O PASSENGER VANS",12,13,-1,OUT
1/15/20,145,"FORD E35O PASSENGER VANS",12,13,-1,OUT
1/16/20,145,"FORD E35O PASSENGER VANS",12,13,-1,OUT
1/17/20,145,"FORD E35O PASSENGER VANS",12,13,-1,OUT
1/18/20,145,"FORD E35O PASSENGER VANS",12,13,-1,OUT
1/19/20,145,"FORD E35O PASSENGER VANS",12,13,-1,OUT
1/21/20,145,"FORD E35O PASSENGER VANS",12,13,-1,OUT
1/22/20,145,"FORD E35O PASSENGER VANS",12,13,-1,OUT
1/23/20,145,"FORD E35O PASSENGER VANS",12,13,-1,OUT
1/24/20,145,"FORD E35O PASSENGER VANS",12,13,-1,OUT
1/25/20,145,"FORD E35O PASSENGER VANS",12,13,-1,OUT
1/26/20,145,"FORD E35O PASSENGER VANS",12,13,-1,OUT
1/27/20,145,"FORD E35O PASSENGER VANS",12,13,-1,OUT
1/28/20,145,"FORD E35O PASSENGER VANS",12,13,-1,OUT
1/29/20,145,"FORD E35O PASSENGER VANS",12,13,-1,OUT
1/30/20,145,"FORD E35O PASSENGER VANS",12,13,-1,OUT
1/31/20,145,"FORD E35O PASSENGER VANS",12,13,-1,OUT
12/6/19,146,"FORD E350 VAN",12,13,-1,OUT
12/7/19,146,"FORD E350 VAN",12,13,-1,OUT
12/8/19,146,"FORD E350 VAN",12,13,-1,OUT
12/9/19,146,"FORD E350 VAN",12,13,-1,OUT
12/10/19,146,"FORD E350 VAN",12,13,-1,OUT
12/11/19,146,"FORD E350 VAN",12,13,-1,OUT
12/12/19,146,"FORD E350 VAN",12,13,-1,OUT
12/13/19,146,"FORD E350 VAN",12,13,-1,OUT
12/14/19,146,"FORD E350 VAN",12,13,-1,OUT
12/15/19,146,"FORD E350 VAN",12,13,-1,OUT
12/16/19,146,"FORD E350 VAN",12,13,-1,OUT
12/17/19,146,"FORD E350 VAN",12,13,-1,OUT
12/18/19,146,"FORD E350 VAN",12,13,-1,OUT
12/19/19,146,"FORD E350 VAN",12,13,-1,OUT
12/20/19,146,"FORD E350 VAN",12,13,-1,OUT
12/21/19,146,"FORD E350 VAN",12,13,-1,OUT
12/22/19,146,"FORD E350 VAN",12,13,-1,OUT
12/23/19,146,"FORD E350 VAN",12,13,-1,OUT
12/24/19,146,"FORD E350 VAN",12,13,-1,OUT
12/26/19,146,"FORD E350 VAN",12,13,-1,OUT
12/27/19,146,"FORD E350 VAN",12,13,-1,OUT
12/28/19,146,"FORD E350 VAN",12,13,-1,OUT
12/29/19,146,"FORD E350 VAN",12,13,-1,OUT
12/30/19,146,"FORD E350 VAN",12,13,-1,OUT
12/31/19,146,"FORD E350 VAN",12,13,-1,OUT
1/2/20,146,"FORD E350 VAN",12,13,-1,OUT
1/3/20,146,"FORD E350 VAN",12,13,-1,OUT
1/4/20,146,"FORD E350 VAN",12,13,-1,OUT
1/5/20,146,"FORD E350 VAN",12,13,-1,OUT
1/6/20,146,"FORD E350 VAN",12,13,-1,OUT
1/7/20,146,"FORD E350 VAN",12,13,-1,OUT
1/8/20,146,"FORD E350 VAN",12,13,-1,OUT
1/9/20,146,"FORD E350 VAN",12,13,-1,OUT
1/10/20,146,"FORD E350 VAN",12,13,-1,OUT
1/11/20,146,"FORD E350 VAN",12,13,-1,OUT
1/12/20,146,"FORD E350 VAN",12,13,-1,OUT
1/31/20,125,"2016 CHEVROLET EXPRESS VAN",15,16,-1,OUT
1/19/20,120,"2019 CHEVROLET EXPRESS VAN",12,13,-1,OUT
1/17/20,120,"2019 CHEVROLET EXPRESS VAN",12,13,-1,OUT
1/16/20,120,"2019 CHEVROLET EXPRESS VAN",12,13,-1,OUT
12/31/19,120,"2019 CHEVROLET EXPRESS VAN",12,13,-1,OUT
12/30/19,120,"2019 CHEVROLET EXPRESS VAN",12,13,-1,OUT
12/29/19,120,"2019 CHEVROLET EXPRESS VAN",12,13,-1,OUT
12/28/19,120,"2019 CHEVROLET EXPRESS VAN",12,13,-1,OUT
12/27/19,120,"2019 CHEVROLET EXPRESS VAN",12,13,-1,OUT
12/26/19,120,"2019 CHEVROLET EXPRESS VAN",12,13,-1,OUT
12/25/19,120,"2019 CHEVROLET EXPRESS VAN",12,13,-1,OUT
12/24/19,120,"2019 CHEVROLET EXPRESS VAN",12,13,-1,OUT
1/25/20,171,"2017 CHEVROLET EXPRESS VAN",11,12,-1,OUT
1/31/20,142,"FORD E350 VAN",12,12,0,OUT
1/30/20,142,"FORD E350 VAN",12,12,0,OUT
1/29/20,142,"FORD E350 VAN",12,12,0,OUT
1/28/20,142,"FORD E350 VAN",12,12,0,OUT
1/27/20,142,"FORD E350 VAN",12,12,0,OUT
1/24/20,142,"FORD E350 VAN",12,12,0,OUT
1/23/20,142,"FORD E350 VAN",12,12,0,OUT
1/22/20,142,"FORD E350 VAN",12,12,0,OUT
1/21/20,142,"FORD E350 VAN",12,12,0,OUT
1/17/20,142,"FORD E350 VAN",12,12,0,OUT
1/16/20,142,"FORD E350 VAN",12,12,0,OUT
1/15/20,142,"FORD E350 VAN",12,12,0,OUT
1/14/20,142,"FORD E350 VAN",12,12,0,OUT
1/13/20,142,"FORD E350 VAN",12,12,0,OUT
1/10/20,142,"FORD E350 VAN",12,12,0,OUT
1/9/20,142,"FORD E350 VAN",12,12,0,OUT
1/8/20,142,"FORD E350 VAN",12,12,0,OUT
1/7/20,142,"FORD E350 VAN",12,12,0,OUT
1/6/20,142,"FORD E350 VAN",12,12,0,OUT
1/3/20,142,"FORD E350 VAN",12,12,0,OUT
1/2/20,142,"FORD E350 VAN",12,12,0,OUT
12/31/19,142,"FORD E350 VAN",12,12,0,OUT
12/30/19,142,"FORD E350 VAN",12,12,0,OUT
12/27/19,142,"FORD E350 VAN",12,12,0,OUT
12/26/19,142,"FORD E350 VAN",12,12,0,OUT
12/24/19,142,"FORD E350 VAN",12,12,0,OUT
12/23/19,142,"FORD E350 VAN",12,12,0,OUT
12/20/19,142,"FORD E350 VAN",12,12,0,OUT
12/19/19,142,"FORD E350 VAN",12,12,0,OUT
12/18/19,142,"FORD E350 VAN",12,12,0,OUT
12/17/19,142,"FORD E350 VAN",12,12,0,OUT
12/16/19,142,"FORD E350 VAN",12,12,0,OUT
12/13/19,142,"FORD E350 VAN",12,12,0,OUT
12/12/19,142,"FORD E350 VAN",12,12,0,OUT
12/11/19,142,"FORD E350 VAN",12,12,0,OUT
1/25/20,185,"2013 CHEV EXP VAN",12,12,0,OUT
12/10/19,142,"FORD E350 VAN",12,12,0,OUT
12/9/19,142,"FORD E350 VAN",12,12,0,OUT
12/6/19,142,"FORD E350 VAN",12,12,0,OUT
12/5/19,142,"FORD E350 VAN",12,12,0,OUT
12/4/19,142,"FORD E350 VAN",12,12,0,OUT
12/3/19,142,"FORD E350 VAN",12,12,0,OUT
12/2/19,142,"FORD E350 VAN",12,12,0,OUT
1/31/20,184,"2015 CHEVROLET EXPRESS VAN",12,12,0,OUT
1/26/20,184,"2015 CHEVROLET EXPRESS VAN",12,12,0,OUT
1/25/20,184,"2015 CHEVROLET EXPRESS VAN",12,12,0,OUT
1/24/20,184,"2015 CHEVROLET EXPRESS VAN",12,12,0,OUT
1/14/20,146,"FORD E350 VAN",12,12,0,OUT
1/15/20,146,"FORD E350 VAN",12,12,0,OUT
1/16/20,146,"FORD E350 VAN",12,12,0,OUT
1/17/20,146,"FORD E350 VAN",12,12,0,OUT
1/18/20,146,"FORD E350 VAN",12,12,0,OUT
1/19/20,146,"FORD E350 VAN",12,12,0,OUT
1/21/20,146,"FORD E350 VAN",12,12,0,OUT
1/22/20,146,"FORD E350 VAN",12,12,0,OUT
1/23/20,146,"FORD E350 VAN",12,12,0,OUT
1/24/20,146,"FORD E350 VAN",12,12,0,OUT
1/25/20,146,"FORD E350 VAN",12,12,0,OUT
1/26/20,146,"FORD E350 VAN",12,12,0,OUT
1/27/20,146,"FORD E350 VAN",12,12,0,OUT
1/28/20,146,"FORD E350 VAN",12,12,0,OUT
1/29/20,146,"FORD E350 VAN",12,12,0,OUT
1/30/20,146,"FORD E350 VAN",12,12,0,OUT
1/31/20,146,"FORD E350 VAN",12,12,0,OUT
12/20/19,132,"2017 CHEVROLET EXPRESS VAN",12,12,0,OUT
12/19/19,132,"2017 CHEVROLET EXPRESS VAN",12,12,0,OUT
12/18/19,132,"2017 CHEVROLET EXPRESS VAN",12,12,0,OUT
12/17/19,132,"2017 CHEVROLET EXPRESS VAN",12,12,0,OUT
12/16/19,132,"2017 CHEVROLET EXPRESS VAN",12,12,0,OUT
12/15/19,132,"2017 CHEVROLET EXPRESS VAN",12,12,0,OUT
12/14/19,132,"2017 CHEVROLET EXPRESS VAN",12,12,0,OUT
12/13/19,132,"2017 CHEVROLET EXPRESS VAN",12,12,0,OUT
12/12/19,132,"2017 CHEVROLET EXPRESS VAN",12,12,0,OUT
12/11/19,132,"2017 CHEVROLET EXPRESS VAN",12,12,0,OUT
12/10/19,132,"2017 CHEVROLET EXPRESS VAN",12,12,0,OUT
12/9/19,132,"2017 CHEVROLET EXPRESS VAN",12,12,0,OUT
12/8/19,132,"2017 CHEVROLET EXPRESS VAN",12,12,0,OUT
12/7/19,132,"2017 CHEVROLET EXPRESS VAN",12,12,0,OUT
12/6/19,132,"2017 CHEVROLET EXPRESS VAN",12,12,0,OUT
12/5/19,132,"2017 CHEVROLET EXPRESS VAN",12,12,0,OUT
12/4/19,132,"2017 CHEVROLET EXPRESS VAN",12,12,0,OUT
12/3/19,132,"2017 CHEVROLET EXPRESS VAN",12,12,0,OUT
12/2/19,132,"2017 CHEVROLET EXPRESS VAN",12,12,0,OUT
12/1/19,132,"2017 CHEVROLET EXPRESS VAN",12,12,0,OUT
1/27/20,131,"2019 CHEVROLET EXPRESS VAN",11,11,0,OUT
12/20/19,106,"2015 TOYOTA SIENNA VAN",7,7,0,OUT
1/30/20,106,"2015 TOYOTA SIENNA VAN",7,7,0,OUT
1/30/20,123,"2015 TOYOTA SIENNA VAN",7,7,0,OUT
1/29/20,123,"2015 TOYOTA SIENNA VAN",7,7,0,OUT
1/28/20,123,"2015 TOYOTA SIENNA VAN",7,7,0,OUT
1/27/20,123,"2015 TOYOTA SIENNA VAN",7,7,0,OUT
1/23/20,123,"2015 TOYOTA SIENNA VAN",7,7,0,OUT
1/22/20,123,"2015 TOYOTA SIENNA VAN",7,7,0,OUT
1/21/20,123,"2015 TOYOTA SIENNA VAN",7,7,0,OUT
1/16/20,123,"2015 TOYOTA SIENNA VAN",7,7,0,OUT
1/15/20,123,"2015 TOYOTA SIENNA VAN",7,7,0,OUT
1/14/20,123,"2015 TOYOTA SIENNA VAN",7,7,0,OUT
1/13/20,123,"2015 TOYOTA SIENNA VAN",7,7,0,OUT
1/31/20,174,"2016 CHEVROLET EXPRESS VAN",15,15,0,OUT
1/30/20,174,"2016 CHEVROLET EXPRESS VAN",15,15,0,OUT
1/29/20,174,"2016 CHEVROLET EXPRESS VAN",15,15,0,OUT
1/28/20,174,"2016 CHEVROLET EXPRESS VAN",15,15,0,OUT
1/27/20,174,"2016 CHEVROLET EXPRESS VAN",15,15,0,OUT
1/26/20,174,"2016 CHEVROLET EXPRESS VAN",15,15,0,OUT
1/25/20,174,"2016 CHEVROLET EXPRESS VAN",15,15,0,OUT
1/24/20,174,"2016 CHEVROLET EXPRESS VAN",15,15,0,OUT
1/23/20,174,"2016 CHEVROLET EXPRESS VAN",15,15,0,OUT
1/22/20,174,"2016 CHEVROLET EXPRESS VAN",15,15,0,OUT
1/21/20,174,"2016 CHEVROLET EXPRESS VAN",15,15,0,OUT
1/19/20,174,"2016 CHEVROLET EXPRESS VAN",15,15,0,OUT
1/18/20,174,"2016 CHEVROLET EXPRESS VAN",15,15,0,OUT
1/17/20,174,"2016 CHEVROLET EXPRESS VAN",15,15,0,OUT
1/16/20,174,"2016 CHEVROLET EXPRESS VAN",15,15,0,OUT
1/15/20,174,"2016 CHEVROLET EXPRESS VAN",15,15,0,OUT
1/14/20,174,"2016 CHEVROLET EXPRESS VAN",15,15,0,OUT
1/13/20,174,"2016 CHEVROLET EXPRESS VAN",15,15,0,OUT
1/12/20,174,"2016 CHEVROLET EXPRESS VAN",15,15,0,OUT
1/11/20,174,"2016 CHEVROLET EXPRESS VAN",15,15,0,OUT
1/10/20,174,"2016 CHEVROLET EXPRESS VAN",15,15,0,OUT
1/9/20,174,"2016 CHEVROLET EXPRESS VAN",15,15,0,OUT
1/8/20,174,"2016 CHEVROLET EXPRESS VAN",15,15,0,OUT
1/7/20,174,"2016 CHEVROLET EXPRESS VAN",15,15,0,OUT
1/6/20,174,"2016 CHEVROLET EXPRESS VAN",15,15,0,OUT
1/5/20,174,"2016 CHEVROLET EXPRESS VAN",15,15,0,OUT
1/4/20,174,"2016 CHEVROLET EXPRESS VAN",15,15,0,OUT
1/3/20,174,"2016 CHEVROLET EXPRESS VAN",15,15,0,OUT
1/2/20,174,"2016 CHEVROLET EXPRESS VAN",15,15,0,OUT
1/9/20,123,"2015 TOYOTA SIENNA VAN",7,7,0,OUT
12/30/19,174,"2016 CHEVROLET EXPRESS VAN",15,15,0,OUT
1/8/20,123,"2015 TOYOTA SIENNA VAN",7,7,0,OUT
1/7/20,123,"2015 TOYOTA SIENNA VAN",7,7,0,OUT
1/6/20,123,"2015 TOYOTA SIENNA VAN",7,7,0,OUT
1/2/20,123,"2015 TOYOTA SIENNA VAN",7,7,0,OUT
12/23/19,174,"2016 CHEVROLET EXPRESS VAN",15,15,0,OUT
12/21/19,174,"2016 CHEVROLET EXPRESS VAN",15,15,0,OUT
1/31/20,171,"2017 CHEVROLET EXPRESS VAN",11,11,0,OUT
12/5/19,155,"2013 TOYOTA SIENNA VAN",7,7,0,OUT
1/24/20,155,"2013 TOYOTA SIENNA VAN",7,7,0,OUT
1/30/20,171,"2017 CHEVROLET EXPRESS VAN",11,11,0,OUT
1/17/20,171,"2017 CHEVROLET EXPRESS VAN",11,11,0,OUT
1/15/20,171,"2017 CHEVROLET EXPRESS VAN",11,11,0,OUT
1/11/20,171,"2017 CHEVROLET EXPRESS VAN",11,11,0,OUT
12/2/19,166,"2012 FORD ECONOLINE E350",12,12,0,OUT
12/3/19,166,"2012 FORD ECONOLINE E350",12,12,0,OUT
12/4/19,166,"2012 FORD ECONOLINE E350",12,12,0,OUT
1/2/20,111,"2013 CHEV EXP VAN",12,12,0,OUT
12/5/19,166,"2012 FORD ECONOLINE E350",12,12,0,OUT
12/6/19,166,"2012 FORD ECONOLINE E350",12,12,0,OUT
12/9/19,166,"2012 FORD ECONOLINE E350",12,12,0,OUT
12/10/19,166,"2012 FORD ECONOLINE E350",12,12,0,OUT
12/11/19,166,"2012 FORD ECONOLINE E350",12,12,0,OUT
12/12/19,166,"2012 FORD ECONOLINE E350",12,12,0,OUT
1/31/20,98,"2011 TOYOTA SIENNA VAN",7,7,0,OUT
1/31/20,79,"FORD ECON E350 VAN",11,11,0,OUT
1/30/20,79,"FORD ECON E350 VAN",11,11,0,OUT
1/29/20,79,"FORD ECON E350 VAN",11,11,0,OUT
1/28/20,79,"FORD ECON E350 VAN",11,11,0,OUT
1/27/20,79,"FORD ECON E350 VAN",11,11,0,OUT
1/24/20,79,"FORD ECON E350 VAN",11,11,0,OUT
1/23/20,79,"FORD ECON E350 VAN",11,11,0,OUT
1/22/20,79,"FORD ECON E350 VAN",11,11,0,OUT
1/21/20,79,"FORD ECON E350 VAN",11,11,0,OUT
1/17/20,79,"FORD ECON E350 VAN",11,11,0,OUT
1/16/20,79,"FORD ECON E350 VAN",11,11,0,OUT
1/15/20,79,"FORD ECON E350 VAN",11,11,0,OUT
1/14/20,79,"FORD ECON E350 VAN",11,11,0,OUT
1/13/20,79,"FORD ECON E350 VAN",11,11,0,OUT
1/10/20,79,"FORD ECON E350 VAN",11,11,0,OUT
1/9/20,79,"FORD ECON E350 VAN",11,11,0,OUT
1/8/20,79,"FORD ECON E350 VAN",11,11,0,OUT
1/7/20,79,"FORD ECON E350 VAN",11,11,0,OUT
1/6/20,79,"FORD ECON E350 VAN",11,11,0,OUT
1/3/20,79,"FORD ECON E350 VAN",11,11,0,OUT
1/2/20,79,"FORD ECON E350 VAN",11,11,0,OUT
12/31/19,79,"FORD ECON E350 VAN",11,11,0,OUT
12/30/19,79,"FORD ECON E350 VAN",11,11,0,OUT
12/27/19,79,"FORD ECON E350 VAN",11,11,0,OUT
12/26/19,79,"FORD ECON E350 VAN",11,11,0,OUT
12/24/19,79,"FORD ECON E350 VAN",11,11,0,OUT
12/23/19,79,"FORD ECON E350 VAN",11,11,0,OUT
12/20/19,79,"FORD ECON E350 VAN",11,11,0,OUT
12/19/19,79,"FORD ECON E350 VAN",11,11,0,OUT
12/18/19,79,"FORD ECON E350 VAN",11,11,0,OUT
12/17/19,79,"FORD ECON E350 VAN",11,11,0,OUT
12/16/19,79,"FORD ECON E350 VAN",11,11,0,OUT
12/13/19,79,"FORD ECON E350 VAN",11,11,0,OUT
12/12/19,79,"FORD ECON E350 VAN",11,11,0,OUT
12/11/19,79,"FORD ECON E350 VAN",11,11,0,OUT
12/10/19,79,"FORD ECON E350 VAN",11,11,0,OUT
12/9/19,79,"FORD ECON E350 VAN",11,11,0,OUT
12/6/19,79,"FORD ECON E350 VAN",11,11,0,OUT
12/5/19,79,"FORD ECON E350 VAN",11,11,0,OUT
12/4/19,79,"FORD ECON E350 VAN",11,11,0,OUT
12/3/19,79,"FORD ECON E350 VAN",11,11,0,OUT
12/2/19,79,"FORD ECON E350 VAN",11,11,0,OUT
12/11/19,73,"2017 CHEVROLET EXPRESS VAN",12,12,0,OUT
12/4/19,73,"2017 CHEVROLET EXPRESS VAN",12,12,0,OUT
1/31/20,62,"2015 CHEVROLET EXPRESS VAN",12,12,0,OUT
1/30/20,62,"2015 CHEVROLET EXPRESS VAN",12,12,0,OUT
1/29/20,62,"2015 CHEVROLET EXPRESS VAN",12,12,0,OUT
1/28/20,62,"2015 CHEVROLET EXPRESS VAN",12,12,0,OUT
1/27/20,62,"2015 CHEVROLET EXPRESS VAN",12,12,0,OUT
1/25/20,62,"2015 CHEVROLET EXPRESS VAN",12,12,0,OUT
1/24/20,62,"2015 CHEVROLET EXPRESS VAN",12,12,0,OUT
1/23/20,62,"2015 CHEVROLET EXPRESS VAN",12,12,0,OUT
1/22/20,62,"2015 CHEVROLET EXPRESS VAN",12,12,0,OUT
1/21/20,62,"2015 CHEVROLET EXPRESS VAN",12,12,0,OUT
1/18/20,62,"2015 CHEVROLET EXPRESS VAN",12,12,0,OUT
1/17/20,62,"2015 CHEVROLET EXPRESS VAN",12,12,0,OUT
1/16/20,62,"2015 CHEVROLET EXPRESS VAN",12,12,0,OUT
1/15/20,62,"2015 CHEVROLET EXPRESS VAN",12,12,0,OUT
1/14/20,62,"2015 CHEVROLET EXPRESS VAN",12,12,0,OUT
1/13/20,62,"2015 CHEVROLET EXPRESS VAN",12,12,0,OUT
1/11/20,62,"2015 CHEVROLET EXPRESS VAN",12,12,0,OUT
1/10/20,62,"2015 CHEVROLET EXPRESS VAN",12,12,0,OUT
1/9/20,62,"2015 CHEVROLET EXPRESS VAN",12,12,0,OUT
1/8/20,62,"2015 CHEVROLET EXPRESS VAN",12,12,0,OUT
1/7/20,62,"2015 CHEVROLET EXPRESS VAN",12,12,0,OUT
1/6/20,62,"2015 CHEVROLET EXPRESS VAN",12,12,0,OUT
1/4/20,62,"2015 CHEVROLET EXPRESS VAN",12,12,0,OUT
1/3/20,62,"2015 CHEVROLET EXPRESS VAN",12,12,0,OUT
1/2/20,62,"2015 CHEVROLET EXPRESS VAN",12,12,0,OUT
12/31/19,62,"2015 CHEVROLET EXPRESS VAN",12,12,0,OUT
12/30/19,62,"2015 CHEVROLET EXPRESS VAN",12,12,0,OUT
12/28/19,62,"2015 CHEVROLET EXPRESS VAN",12,12,0,OUT
12/27/19,62,"2015 CHEVROLET EXPRESS VAN",12,12,0,OUT
12/26/19,62,"2015 CHEVROLET EXPRESS VAN",12,12,0,OUT
12/24/19,62,"2015 CHEVROLET EXPRESS VAN",12,12,0,OUT
12/23/19,62,"2015 CHEVROLET EXPRESS VAN",12,12,0,OUT
12/21/19,62,"2015 CHEVROLET EXPRESS VAN",12,12,0,OUT
12/20/19,62,"2015 CHEVROLET EXPRESS VAN",12,12,0,OUT
12/19/19,62,"2015 CHEVROLET EXPRESS VAN",12,12,0,OUT
12/18/19,62,"2015 CHEVROLET EXPRESS VAN",12,12,0,OUT
12/17/19,62,"2015 CHEVROLET EXPRESS VAN",12,12,0,OUT
12/16/19,62,"2015 CHEVROLET EXPRESS VAN",12,12,0,OUT
12/14/19,62,"2015 CHEVROLET EXPRESS VAN",12,12,0,OUT
12/13/19,62,"2015 CHEVROLET EXPRESS VAN",12,12,0,OUT
12/12/19,62,"2015 CHEVROLET EXPRESS VAN",12,12,0,OUT
12/11/19,62,"2015 CHEVROLET EXPRESS VAN",12,12,0,OUT
12/10/19,62,"2015 CHEVROLET EXPRESS VAN",12,12,0,OUT
12/9/19,62,"2015 CHEVROLET EXPRESS VAN",12,12,0,OUT
12/7/19,62,"2015 CHEVROLET EXPRESS VAN",12,12,0,OUT
12/6/19,62,"2015 CHEVROLET EXPRESS VAN",12,12,0,OUT
12/5/19,62,"2015 CHEVROLET EXPRESS VAN",12,12,0,OUT
12/4/19,62,"2015 CHEVROLET EXPRESS VAN",12,12,0,OUT
12/3/19,62,"2015 CHEVROLET EXPRESS VAN",12,12,0,OUT
12/2/19,62,"2015 CHEVROLET EXPRESS VAN",12,12,0,OUT
1/29/20,59,"2014 TOYOTA SIENNA FWD",7,7,0,OUT
1/22/20,59,"2014 TOYOTA SIENNA FWD",7,7,0,OUT
1/9/20,59,"2014 TOYOTA SIENNA FWD",7,7,0,OUT
1/8/20,59,"2014 TOYOTA SIENNA FWD",7,7,0,OUT
12/18/19,59,"2014 TOYOTA SIENNA FWD",7,7,0,OUT
12/16/19,59,"2014 TOYOTA SIENNA FWD",7,7,0,OUT
12/11/19,59,"2014 TOYOTA SIENNA FWD",7,7,0,OUT
12/9/19,59,"2014 TOYOTA SIENNA FWD",7,7,0,OUT
12/5/19,59,"2014 TOYOTA SIENNA FWD",7,7,0,OUT
12/31/19,52,"2019 TOYOTA SIENNA 7 PASS",7,7,0,OUT
12/30/19,52,"2019 TOYOTA SIENNA 7 PASS",7,7,0,OUT
12/26/19,52,"2019 TOYOTA SIENNA 7 PASS",7,7,0,OUT
12/24/19,52,"2019 TOYOTA SIENNA 7 PASS",7,7,0,OUT
12/23/19,52,"2019 TOYOTA SIENNA 7 PASS",7,7,0,OUT
12/19/19,52,"2019 TOYOTA SIENNA 7 PASS",7,7,0,OUT
12/18/19,52,"2019 TOYOTA SIENNA 7 PASS",7,7,0,OUT
12/17/19,52,"2019 TOYOTA SIENNA 7 PASS",7,7,0,OUT
12/16/19,52,"2019 TOYOTA SIENNA 7 PASS",7,7,0,OUT
12/12/19,52,"2019 TOYOTA SIENNA 7 PASS",7,7,0,OUT
12/11/19,52,"2019 TOYOTA SIENNA 7 PASS",7,7,0,OUT
12/10/19,52,"2019 TOYOTA SIENNA 7 PASS",7,7,0,OUT
12/9/19,52,"2019 TOYOTA SIENNA 7 PASS",7,7,0,OUT
12/5/19,52,"2019 TOYOTA SIENNA 7 PASS",7,7,0,OUT
12/4/19,52,"2019 TOYOTA SIENNA 7 PASS",7,7,0,OUT
12/3/19,52,"2019 TOYOTA SIENNA 7 PASS",7,7,0,OUT
12/2/19,52,"2019 TOYOTA SIENNA 7 PASS",7,7,0,OUT
1/13/20,49,"2015 TOYOTA SIENNA VAN",7,7,0,OUT
1/31/20,34,"2016 CHEVROLET EXPRESS VAN",15,15,0,OUT
1/30/20,34,"2016 CHEVROLET EXPRESS VAN",15,15,0,OUT
1/31/20,33,"2016 CHEVROLET EXPRESS VAN",15,15,0,OUT
1/30/20,33,"2016 CHEVROLET EXPRESS VAN",15,15,0,OUT
12/31/19,18,"2012 FORD ECONOLINE E350",12,12,0,OUT
12/30/19,18,"2012 FORD ECONOLINE E350",12,12,0,OUT
12/27/19,18,"2012 FORD ECONOLINE E350",12,12,0,OUT
12/26/19,18,"2012 FORD ECONOLINE E350",12,12,0,OUT
12/24/19,18,"2012 FORD ECONOLINE E350",12,12,0,OUT
12/23/19,18,"2012 FORD ECONOLINE E350",12,12,0,OUT
12/20/19,18,"2012 FORD ECONOLINE E350",12,12,0,OUT
12/19/19,18,"2012 FORD ECONOLINE E350",12,12,0,OUT
12/18/19,18,"2012 FORD ECONOLINE E350",12,12,0,OUT
12/17/19,18,"2012 FORD ECONOLINE E350",12,12,0,OUT
12/16/19,18,"2012 FORD ECONOLINE E350",12,12,0,OUT
12/13/19,18,"2012 FORD ECONOLINE E350",12,12,0,OUT
12/12/19,18,"2012 FORD ECONOLINE E350",12,12,0,OUT
12/11/19,18,"2012 FORD ECONOLINE E350",12,12,0,OUT
12/10/19,18,"2012 FORD ECONOLINE E350",12,12,0,OUT
12/9/19,18,"2012 FORD ECONOLINE E350",12,12,0,OUT
12/6/19,18,"2012 FORD ECONOLINE E350",12,12,0,OUT
12/5/19,18,"2012 FORD ECONOLINE E350",12,12,0,OUT
12/4/19,18,"2012 FORD ECONOLINE E350",12,12,0,OUT
12/3/19,18,"2012 FORD ECONOLINE E350",12,12,0,OUT
12/2/19,18,"2012 FORD ECONOLINE E350",12,12,0,OUT
1/31/20,264,"2019 CHEVROLET EXPRESS 3500",15,15,0,OUT
1/30/20,264,"2019 CHEVROLET EXPRESS 3500",15,15,0,OUT
1/29/20,264,"2019 CHEVROLET EXPRESS 3500",15,15,0,OUT
1/28/20,264,"2019 CHEVROLET EXPRESS 3500",15,15,0,OUT
1/27/20,264,"2019 CHEVROLET EXPRESS 3500",15,15,0,OUT
1/26/20,264,"2019 CHEVROLET EXPRESS 3500",15,15,0,OUT
1/25/20,264,"2019 CHEVROLET EXPRESS 3500",15,15,0,OUT
1/24/20,264,"2019 CHEVROLET EXPRESS 3500",15,15,0,OUT
1/23/20,264,"2019 CHEVROLET EXPRESS 3500",15,15,0,OUT
1/22/20,264,"2019 CHEVROLET EXPRESS 3500",15,15,0,OUT
1/21/20,264,"2019 CHEVROLET EXPRESS 3500",15,15,0,OUT
1/20/20,264,"2019 CHEVROLET EXPRESS 3500",15,15,0,OUT
1/19/20,264,"2019 CHEVROLET EXPRESS 3500",15,15,0,OUT
1/18/20,264,"2019 CHEVROLET EXPRESS 3500",15,15,0,OUT
1/17/20,264,"2019 CHEVROLET EXPRESS 3500",15,15,0,OUT
1/16/20,264,"2019 CHEVROLET EXPRESS 3500",15,15,0,OUT
1/15/20,264,"2019 CHEVROLET EXPRESS 3500",15,15,0,OUT
1/14/20,264,"2019 CHEVROLET EXPRESS 3500",15,15,0,OUT
1/13/20,264,"2019 CHEVROLET EXPRESS 3500",15,15,0,OUT
1/31/20,256,"2015 CHEVROLET EXPRESS VAN",12,12,0,OUT
1/30/20,256,"2015 CHEVROLET EXPRESS VAN",12,12,0,OUT
1/29/20,256,"2015 CHEVROLET EXPRESS VAN",12,12,0,OUT
1/28/20,256,"2015 CHEVROLET EXPRESS VAN",12,12,0,OUT
1/27/20,256,"2015 CHEVROLET EXPRESS VAN",12,12,0,OUT
1/26/20,256,"2015 CHEVROLET EXPRESS VAN",12,12,0,OUT
1/25/20,256,"2015 CHEVROLET EXPRESS VAN",12,12,0,OUT
1/24/20,256,"2015 CHEVROLET EXPRESS VAN",12,12,0,OUT
1/23/20,256,"2015 CHEVROLET EXPRESS VAN",12,12,0,OUT
1/22/20,256,"2015 CHEVROLET EXPRESS VAN",12,12,0,OUT
1/21/20,256,"2015 CHEVROLET EXPRESS VAN",12,12,0,OUT
1/19/20,256,"2015 CHEVROLET EXPRESS VAN",12,12,0,OUT
1/18/20,256,"2015 CHEVROLET EXPRESS VAN",12,12,0,OUT
1/12/20,264,"2019 CHEVROLET EXPRESS 3500",15,15,0,OUT
1/17/20,256,"2015 CHEVROLET EXPRESS VAN",12,12,0,OUT
1/16/20,256,"2015 CHEVROLET EXPRESS VAN",12,12,0,OUT
1/11/20,264,"2019 CHEVROLET EXPRESS 3500",15,15,0,OUT
1/15/20,256,"2015 CHEVROLET EXPRESS VAN",12,12,0,OUT
1/14/20,256,"2015 CHEVROLET EXPRESS VAN",12,12,0,OUT
1/10/20,264,"2019 CHEVROLET EXPRESS 3500",15,15,0,OUT
1/13/20,256,"2015 CHEVROLET EXPRESS VAN",12,12,0,OUT
1/12/20,256,"2015 CHEVROLET EXPRESS VAN",12,12,0,OUT
1/11/20,256,"2015 CHEVROLET EXPRESS VAN",12,12,0,OUT
12/24/19,188,"2015 CHEVROLET EXPRESS VAN",12,12,0,OUT
1/10/20,256,"2015 CHEVROLET EXPRESS VAN",12,12,0,OUT
1/9/20,264,"2019 CHEVROLET EXPRESS 3500",15,15,0,OUT
1/9/20,256,"2015 CHEVROLET EXPRESS VAN",12,12,0,OUT
1/8/20,256,"2015 CHEVROLET EXPRESS VAN",12,12,0,OUT
1/7/20,256,"2015 CHEVROLET EXPRESS VAN",12,12,0,OUT
1/8/20,264,"2019 CHEVROLET EXPRESS 3500",15,15,0,OUT
1/6/20,256,"2015 CHEVROLET EXPRESS VAN",12,12,0,OUT
1/7/20,264,"2019 CHEVROLET EXPRESS 3500",15,15,0,OUT
1/6/20,264,"2019 CHEVROLET EXPRESS 3500",15,15,0,OUT
1/5/20,264,"2019 CHEVROLET EXPRESS 3500",15,15,0,OUT
